{
    "$schema": "https://schema.management.azure.com/schemas/2015-01-01/deploymentParameters.json#",
    "contentVersion": "1.0.0.0",
    "parameters": {
        "name": {
            "value": "beaverpipeline"
        },
        "location": {
            "value": "northeurope"
        },
        "defaultDataLakeStorageAccountName": {
            "value": "beaverstorageacc"
        },
        "defaultDataLakeStorageFilesystemName": {
            "value": "beaverfever"
        },
        "sqlAdministratorLogin": {
            "value": "beaveradmin"
        },
        "sqlAdministratorLoginPassword": {
            "value": null
        },
        "setWorkspaceIdentityRbacOnStorageAccount": {
            "value": true
        },
        "createManagedPrivateEndpoint": {
            "value": false
        },
        "defaultAdlsGen2AccountResourceId": {
            "value": "/subscriptions/91044c7a-8004-4714-b988-7fbea63b1f14/resourceGroups/Beaverfeber/providers/Microsoft.Storage/storageAccounts/beaverstorageacc"
        },
        "allowAllConnections": {
            "value": true
        },
        "managedVirtualNetwork": {
            "value": ""
        },
        "tagValues": {
            "value": {}
        },
        "storageSubscriptionID": {
            "value": "91044c7a-8004-4714-b988-7fbea63b1f14"
        },
        "storageResourceGroupName": {
            "value": "Beaverfeber"
        },
        "storageLocation": {
            "value": "northeurope"
        },
        "storageRoleUniqueId": {
            "value": "78fe6fac-d0de-4306-bc7b-469207eff024"
        },
        "isNewStorageAccount": {
            "value": false
        },
        "isNewFileSystemOnly": {
            "value": false
        },
        "adlaResourceId": {
            "value": ""
        },
        "managedResourceGroupName": {
            "value": ""
        },
        "storageAccessTier": {
            "value": "Hot"
        },
        "storageAccountType": {
            "value": "Standard_RAGRS"
        },
        "storageSupportsHttpsTrafficOnly": {
            "value": true
        },
        "storageKind": {
            "value": "StorageV2"
        },
        "minimumTlsVersion": {
            "value": "TLS1_2"
        },
        "storageIsHnsEnabled": {
            "value": true
        },
        "userObjectId": {
            "value": "ba37a41a-e35c-4043-9e3e-ec9ec761d713"
        },
        "setSbdcRbacOnStorageAccount": {
            "value": true
        },
        "setWorkspaceMsiByPassOnStorageAccount": {
            "value": false
        },
        "workspaceStorageAccountProperties": {
            "value": {}
        }
    }
}