{
    "$schema": "http://schema.management.azure.com/schemas/2015-01-01/deploymentTemplate.json#",
    "contentVersion": "1.0.0.1",
    "parameters": {
        "name": {
            "type": "String"
        },
        "location": {
            "type": "String"
        },
        "defaultDataLakeStorageAccountName": {
            "type": "String"
        },
        "defaultDataLakeStorageFilesystemName": {
            "type": "String"
        },
        "sqlAdministratorLogin": {
            "type": "String"
        },
        "sqlAdministratorLoginPassword": {
            "defaultValue": "",
            "type": "SecureString"
        },
        "setWorkspaceIdentityRbacOnStorageAccount": {
            "type": "Bool"
        },
        "createManagedPrivateEndpoint": {
            "type": "Bool"
        },
        "defaultAdlsGen2AccountResourceId": {
            "defaultValue": "",
            "type": "String"
        },
        "allowAllConnections": {
            "defaultValue": true,
            "type": "Bool"
        },
        "managedVirtualNetwork": {
            "allowedValues": [
                "default",
                ""
            ],
            "type": "String"
        },
        "tagValues": {
            "defaultValue": {},
            "type": "Object"
        },
        "storageSubscriptionID": {
            "defaultValue": "[subscription().subscriptionId]",
            "type": "String"
        },
        "storageResourceGroupName": {
            "defaultValue": "[resourceGroup().name]",
            "type": "String"
        },
        "storageLocation": {
            "defaultValue": "[resourceGroup().location]",
            "type": "String"
        },
        "storageRoleUniqueId": {
            "defaultValue": "[newGuid()]",
            "type": "String"
        },
        "isNewStorageAccount": {
            "defaultValue": false,
            "type": "Bool"
        },
        "isNewFileSystemOnly": {
            "defaultValue": false,
            "type": "Bool"
        },
        "adlaResourceId": {
            "defaultValue": "",
            "type": "String"
        },
        "managedResourceGroupName": {
            "defaultValue": "",
            "type": "String"
        },
        "storageAccessTier": {
            "type": "String"
        },
        "storageAccountType": {
            "type": "String"
        },
        "storageSupportsHttpsTrafficOnly": {
            "type": "Bool"
        },
        "storageKind": {
            "type": "String"
        },
        "minimumTlsVersion": {
            "type": "String"
        },
        "storageIsHnsEnabled": {
            "type": "Bool"
        },
        "userObjectId": {
            "defaultValue": "",
            "type": "String"
        },
        "setSbdcRbacOnStorageAccount": {
            "defaultValue": false,
            "type": "Bool"
        },
        "setWorkspaceMsiByPassOnStorageAccount": {
            "defaultValue": false,
            "type": "Bool"
        },
        "workspaceStorageAccountProperties": {
            "defaultValue": {},
            "type": "Object"
        }
    },
    "variables": {
        "storageBlobDataContributorRoleID": "ba92f5b4-2d11-453d-a403-e96b0029c9fe",
        "defaultDataLakeStorageAccountUrl": "[concat('https://', parameters('defaultDataLakeStorageAccountName'), '.dfs.core.windows.net')]"
    },
    "resources": [
        {
            "type": "Microsoft.Synapse/workspaces",
            "apiVersion": "2021-06-01",
            "name": "[parameters('name')]",
            "location": "[parameters('location')]",
            "dependsOn": [
                "[concat('Microsoft.Storage/storageAccounts/', parameters('defaultDataLakeStorageAccountName'))]",
                "[concat('Microsoft.Resources/deployments/', parameters('defaultDataLakeStorageFilesystemName'))]"
            ],
            "tags": "[parameters('tagValues')]",
            "identity": {
                "type": "SystemAssigned"
            },
            "properties": {
                "defaultDataLakeStorage": {
                    "accountUrl": "[variables('defaultDataLakeStorageAccountUrl')]",
                    "filesystem": "[parameters('defaultDataLakeStorageFilesystemName')]",
                    "resourceId": "[parameters('defaultAdlsGen2AccountResourceId')]",
                    "createManagedPrivateEndpoint": "[parameters('createManagedPrivateEndpoint')]"
                },
                "managedVirtualNetwork": "[parameters('managedVirtualNetwork')]",
                "managedResourceGroupName": "[parameters('managedResourceGroupName')]",
                "sqlAdministratorLogin": "[parameters('sqlAdministratorLogin')]",
                "sqlAdministratorLoginPassword": "[parameters('sqlAdministratorLoginPassword')]"
            },
            "resources": [
                {
                    "type": "firewallrules",
                    "apiVersion": "2021-06-01",
                    "name": "allowAll",
                    "location": "[parameters('location')]",
                    "dependsOn": [
                        "[concat('Microsoft.Synapse/workspaces/', parameters('name'))]"
                    ],
                    "properties": {
                        "startIpAddress": "0.0.0.0",
                        "endIpAddress": "255.255.255.255"
                    },
                    "condition": "[parameters('allowAllConnections')]"
                }
            ]
        },
        {
            "type": "Microsoft.Resources/deployments",
            "apiVersion": "2019-05-01",
            "name": "StorageRoleDeploymentResource",
            "dependsOn": [
                "[concat('Microsoft.Synapse/workspaces/', parameters('name'))]"
            ],
            "properties": {
                "mode": "Incremental",
                "template": {
                    "$schema": "https://schema.management.azure.com/schemas/2015-01-01/deploymentTemplate.json#",
                    "contentVersion": "1.0.0.0",
                    "parameters": {},
                    "variables": {},
                    "resources": [
                        {
                            "type": "Microsoft.Storage/storageAccounts/providers/roleAssignments",
                            "apiVersion": "2018-09-01-preview",
                            "name": "[concat(parameters('defaultDataLakeStorageAccountName'), '/Microsoft.Authorization/',  guid(concat(resourceGroup().id, '/', variables('storageBlobDataContributorRoleID'), '/', parameters('name'), '/', parameters('storageRoleUniqueId'))))]",
                            "location": "[parameters('storageLocation')]",
                            "properties": {
                                "roleDefinitionId": "[resourceId('Microsoft.Authorization/roleDefinitions', variables('storageBlobDataContributorRoleID'))]",
                                "principalId": "[reference(concat('Microsoft.Synapse/workspaces/', parameters('name')), '2021-06-01', 'Full').identity.principalId]",
                                "principalType": "ServicePrincipal"
                            }
                        },
                        {
                            "condition": "[parameters('setSbdcRbacOnStorageAccount')]",
                            "type": "Microsoft.Storage/storageAccounts/providers/roleAssignments",
                            "apiVersion": "2018-09-01-preview",
                            "name": "[concat(parameters('defaultDataLakeStorageAccountName'), '/Microsoft.Authorization/',  guid(concat(resourceGroup().id, '/', variables('storageBlobDataContributorRoleID'), '/', parameters('userObjectId'), '/', parameters('storageRoleUniqueId'))))]",
                            "properties": {
                                "roleDefinitionId": "[resourceId('Microsoft.Authorization/roleDefinitions', variables('storageBlobDataContributorRoleID'))]",
                                "principalId": "[parameters('userObjectId')]",
                                "principalType": "User"
                            }
                        }
                    ]
                }
            },
            "subscriptionId": "[parameters('storageSubscriptionID')]",
            "resourceGroup": "[parameters('storageResourceGroupName')]",
            "condition": "[parameters('setWorkspaceIdentityRbacOnStorageAccount')]"
        },
        {
            "type": "Microsoft.Resources/deployments",
            "apiVersion": "2019-05-01",
            "name": "UpdateStorageAccountNetworkingAcls",
            "dependsOn": [
                "[concat('Microsoft.Synapse/workspaces/', parameters('name'))]"
            ],
            "properties": {
                "mode": "Incremental",
                "template": {
                    "$schema": "https://schema.management.azure.com/schemas/2015-01-01/deploymentTemplate.json#",
                    "contentVersion": "1.0.0.0",
                    "parameters": {},
                    "variables": {},
                    "resources": [
                        {
                            "type": "Microsoft.Storage/storageAccounts",
                            "apiVersion": "2021-01-01",
                            "location": "[parameters('storageLocation')]",
                            "name": "[parameters('defaultDataLakeStorageAccountName')]",
                            "properties": "[parameters('workspaceStorageAccountProperties')]"
                        }
                    ]
                }
            },
            "subscriptionId": "[parameters('storageSubscriptionID')]",
            "resourceGroup": "[parameters('storageResourceGroupName')]",
            "condition": "[parameters('setWorkspaceMsiByPassOnStorageAccount')]"
        },
        {
            "type": "Microsoft.Storage/storageAccounts",
            "apiVersion": "2021-01-01",
            "name": "[parameters('defaultDataLakeStorageAccountName')]",
            "location": "[parameters('storageLocation')]",
            "tags": {},
            "sku": {
                "name": "[parameters('storageAccountType')]"
            },
            "kind": "[parameters('storageKind')]",
            "properties": {
                "accessTier": "[parameters('storageAccessTier')]",
                "supportsHttpsTrafficOnly": "[parameters('storageSupportsHttpsTrafficOnly')]",
                "isHnsEnabled": "[parameters('storageIsHnsEnabled')]",
                "minimumTlsVersion": "[parameters('minimumTlsVersion')]"
            },
            "resources": [
                {
                    "type": "blobServices/containers",
                    "apiVersion": "2021-01-01",
                    "name": "[concat('default/', parameters('defaultDataLakeStorageFilesystemName'))]",
                    "dependsOn": [
                        "[concat('Microsoft.Storage/storageAccounts/', parameters('defaultDataLakeStorageAccountName'))]"
                    ],
                    "properties": {
                        "publicAccess": "None"
                    },
                    "condition": "[parameters('isNewStorageAccount')]"
                }
            ],
            "condition": "[parameters('isNewStorageAccount')]"
        },
        {
            "type": "Microsoft.Resources/deployments",
            "apiVersion": "2019-05-01",
            "name": "[parameters('defaultDataLakeStorageFilesystemName')]",
            "properties": {
                "mode": "Incremental",
                "template": {
                    "$schema": "https://schema.management.azure.com/schemas/2015-01-01/deploymentTemplate.json#",
                    "contentVersion": "1.0.0.0",
                    "parameters": {},
                    "variables": {},
                    "resources": [
                        {
                            "type": "Microsoft.Storage/storageAccounts/blobServices/containers",
                            "name": "[concat(parameters('defaultDataLakeStorageAccountName'), '/default/', parameters('defaultDataLakeStorageFilesystemName'))]",
                            "apiVersion": "2021-01-01",
                            "properties": {
                                "publicAccess": "None"
                            }
                        }
                    ]
                }
            },
            "subscriptionId": "[parameters('storageSubscriptionID')]",
            "resourceGroup": "[parameters('storageResourceGroupName')]",
            "condition": "[parameters('isNewFileSystemOnly')]"
        }
    ],
    "outputs": {}
}